timestamp,indoor_temp_C,relative_humidity_%,CO2_ppm,light_lux,electricity_kWh
22/01/2024 00:00,17.2,52.5,390.0,21.0,13.9
22/01/2024 01:00,16.9,54.0,389.0,0.0,9.03
22/01/2024 02:00,17.3,56.2,380.0,26.0,6.89
22/01/2024 03:00,17.8,53.3,380.0,4.0,13.87
22/01/2024 04:00,16.9,52.5,380.0,42.0,9.27
22/01/2024 05:00,16.9,55.7,453.0,0.0,11.55
22/01/2024 06:00,17.8,55.7,428.0,35.0,9.66
22/01/2024 07:00,17.4,53.5,438.0,4.0,8.4
22/01/2024 08:00,20.8,43.6,822.0,337.0,36.08
22/01/2024 09:00,21.3,45.7,766.0,340.0,36.52
22/01/2024 10:00  ,20.8,40.7,784.0,344.0,33.85
22/01/2024 11:00,20.8,40.8,815.0,358.0,29.82
22/01/2024 12:00,21.1,42.8,763.0,360.0,33.91
22/01/2024 13:00,20.0,44.4,821.0,339.0,35.78
22/01/2024 14:00,20.1,45.9,793.0,350.0,32.04
22/01/2024 15:00,20.7,49.4,789.0,393.0,35.37
22/01/2024 16:00,20.5,47.6,821.0,385.0,34.97
22/01/2024 17:00,21.2,44.5,813.0,359.0,36.16
22/01/2024 18:00,20.5,44.9,789.0,351.0,35.24
22/01/2024 19:00,16.3,52.0,435.0,2.0,10.05
22/01/2024 20:00,17.7,54.9,380.0,12.0,14.39
22/01/2024 21:00,16.9,54.1,418.0,0.0,11.68
22/01/2024 22:00,17.0,56.0,418.0,0.0,11.95
22/01/2024 23:00,16.3,52.5,391.0,0.0,10.13
23/01/2024 00:00,16.7,56.6,410.0,8.0,11.11
23/01/2024 01:00  ,17.1,59.6,380.0,13.0,10.23
23/01/2024 02:00,16.4,54.7,428.0,0.0,11.65
23/01/2024 03:00,17.2,56.2,394.0,31.0,15.42
23/01/2024 04:00,16.7,57.1,384.0,0.0,9.26
23/01/2024 05:00,16.9,53.8,431.0,0.0,8.77
23/01/2024 06:00,16.7,55.7,380.0,4.0,14.94
23/01/2024 07:00,17.9,55.0,380.0,21.0,11.58
23/01/2024 08:00,21.0,45.3,753.0,384.0,33.66
23/01/2024 09:00,20.5,42.7,818.0,341.0,37.08
23/01/2024 10:00,21.4,45.1,762.0,372.0,33.79
23/01/2024 11:00,20.4,46.5,853.0,349.0,38.65
23/01/2024 12:00,21.1,49.4,738.0,347.0,36.36
23/01/2024 13:00,20.0,47.9,851.0,368.0,34.02
23/01/2024 14:00,20.3,51.5,806.0,363.0,39.31
23/01/2024 15:00,21.1,42.7,797.0,318.0,33.79
23/01/2024 16:00  ,21.4,47.6,784.0,380.0,36.48
23/01/2024 17:00,21.1,45.6,812.0,378.0,35.6
23/01/2024 18:00,20.9,51.6,799.0,337.0,37.6
23/01/2024 19:00,16.8,52.6,433.0,8.0,15.12
23/01/2024 20:00,16.3,52.5,403.0,10.0,12.06
23/01/2024 21:00,16.6,53.2,405.0,5.0,10.49
23/01/2024 22:00,16.8,48.6,389.0,0.0,12.92
23/01/2024 23:00,17.5,53.4,398.0,0.0,10.64
24/01/2024 00:00,17.2,52.7,409.0,0.0,16.03
24/01/2024 01:00,16.1,55.5,380.0,23.0,12.27
24/01/2024 02:00,17.2,56.0,380.0,11.0,11.27
24/01/2024 03:00,16.8,60.6,422.0,0.0,12.37
24/01/2024 04:00,,57.9,405.0,15.0,9.31
24/01/2024 05:00,17.3,53.3,394.0,0.0,10.06
24/01/2024 06:00,17.5,52.3,401.0,23.0,14.4
24/01/2024 07:00  ,17.5,56.5,410.0,0.0,10.69
24/01/2024 08:00,20.6,41.0,784.0,343.0,32.91
24/01/2024 09:00,20.8,50.5,777.0,328.0,36.07
24/01/2024 10:00,21.2,48.5,806.0,324.0,37.37
24/01/2024 11:00,,43.6,771.0,373.0,36.44
24/01/2024 12:00,20.8,39.9,812.0,341.0,36.99
24/01/2024 13:00,20.9,49.1,749.0,357.0,33.49
24/01/2024 14:00,20.4,44.7,831.0,349.0,32.16
24/01/2024 15:00,20.4,48.7,814.0,360.0,38.0
24/01/2024 16:00,21.4,40.2,808.0,352.0,34.35
24/01/2024 17:00,21.7,43.2,829.0,324.0,34.5
24/01/2024 18:00,21.0,45.0,850.0,370.0,37.66
24/01/2024 19:00,17.5,55.1,430.0,0.0,13.11
24/01/2024 20:00,17.2,53.6,380.0,0.0,12.91
24/01/2024 21:00,16.7,56.9,380.0,0.0,16.33
24/01/2024 22:00  ,17.2,51.8,381.0,30.0,10.71
24/01/2024 23:00,17.8,54.6,401.0,17.0,13.86
25/01/2024 00:00,,55.4,416.0,0.0,12.11
25/01/2024 01:00,17.8,56.5,380.0,0.0,12.54
25/01/2024 02:00,15.7,57.1,406.0,0.0,15.06
25/01/2024 03:00,85.3,51.6,380.0,42.0,13.02
25/01/2024 04:00,17.0,50.4,382.0,8.0,13.08
25/01/2024 05:00,16.9,58.8,380.0,9.0,14.15
25/01/2024 06:00,17.0,56.0,380.0,21.0,11.27
25/01/2024 07:00,16.0,52.8,380.0,5.0,10.32
25/01/2024 08:00,20.9,49.7,771.0,345.0,32.91
25/01/2024 09:00,21.2,45.3,832.0,346.0,31.07
25/01/2024 10:00,21.7,48.5,772.0,349.0,39.11
25/01/2024 11:00,20.7,45.2,879.0,349.0,32.79
25/01/2024 12:00,20.6,51.2,815.0,365.0,34.56
25/01/2024 13:00  ,20.7,50.3,806.0,351.0,34.45
25/01/2024 14:00,21.5,44.3,774.0,365.0,35.61
25/01/2024 15:00,21.2,47.9,821.0,348.0,36.63
25/01/2024 16:00,20.7,46.9,783.0,352.0,36.72
25/01/2024 17:00,21.3,49.1,804.0,310.0,33.83
25/01/2024 18:00,21.0,42.1,877.0,368.0,34.67
25/01/2024 19:00,17.5,57.1,397.0,7.0,12.57
25/01/2024 20:00,16.6,58.2,434.0,20.0,11.5
25/01/2024 21:00,16.8,49.7,380.0,0.0,15.21
25/01/2024 22:00,16.8,51.5,399.0,42.0,12.98
25/01/2024 23:00,16.3,48.9,453.0,0.0,13.47
26/01/2024 00:00,17.1,54.2,381.0,22.0,13.33
26/01/2024 01:00,17.1,57.2,454.0,0.0,14.35
26/01/2024 02:00,17.0,59.5,421.0,12.0,12.36
26/01/2024 03:00,16.9,55.2,383.0,0.0,9.41
26/01/2024 04:00,16.3,59.9,,,12.8
26/01/2024 05:00,16.8,50.9,,,10.7
26/01/2024 06:00,16.8,49.9,,,10.94
26/01/2024 07:00,16.6,54.8,,,13.17
26/01/2024 08:00,20.9,46.2,,,37.48
26/01/2024 09:00,21.2,44.9,,,35.04
26/01/2024 10:00,21.9,38.8,798.0,353.0,35.62
26/01/2024 11:00,,44.7,819.0,357.0,38.4
26/01/2024 12:00,21.1,41.1,805.0,398.0,35.48
26/01/2024 13:00,21.0,47.0,760.0,349.0,40.2
26/01/2024 14:00,20.0,46.1,811.0,354.0,36.13
26/01/2024 15:00,21.0,42.2,818.0,371.0,31.48
26/01/2024 16:00,21.0,43.5,817.0,372.0,36.51
26/01/2024 17:00,22.2,41.8,832.0,374.0,35.76
26/01/2024 18:00,20.9,44.8,825.0,363.0,37.58
26/01/2024 19:00,17.2,57.9,414.0,0.0,13.35
26/01/2024 20:00,17.0,52.0,398.0,33.0,11.72
26/01/2024 21:00,16.4,56.5,380.0,0.0,9.55
26/01/2024 22:00,17.6,53.4,413.0,6.0,11.58
26/01/2024 23:00,17.4,52.6,406.0,0.0,10.3
27/01/2024 00:00,17.4,54.7,408.0,0.0,10.84
27/01/2024 01:00,16.5,51.9,380.0,7.0,13.18
27/01/2024 02:00,17.7,53.3,380.0,6.0,15.34
27/01/2024 03:00,16.3,51.4,432.0,8.0,12.79
27/01/2024 04:00,17.3,60.9,399.0,32.0,9.61
27/01/2024 05:00,18.1,55.1,420.0,9.0,12.89
27/01/2024 06:00,16.5,52.9,401.0,0.0,14.39
27/01/2024 07:00,16.7,55.6,401.0,19.0,10.78
27/01/2024 08:00,,54.7,428.0,24.0,11.73
27/01/2024 09:00,16.7,54.3,385.0,0.0,12.03
27/01/2024 10:00,16.2,56.8,403.0,12.0,10.43
27/01/2024 11:00,17.0,57.3,386.0,14.0,13.3
27/01/2024 12:00,16.5,53.4,387.0,0.0,11.76
27/01/2024 13:00,17.2,53.3,391.0,28.0,12.84
27/01/2024 14:00,16.5,54.2,407.0,0.0,10.23
27/01/2024 15:00,17.8,48.1,386.0,3.0,11.13
27/01/2024 16:00,16.6,50.5,438.0,0.0,13.44
27/01/2024 17:00,16.8,59.1,380.0,0.0,11.25
27/01/2024 18:00,17.4,59.9,394.0,0.0,15.45
27/01/2024 19:00,16.4,54.3,387.0,0.0,11.2
27/01/2024 20:00,17.1,56.7,443.0,32.0,12.45
27/01/2024 21:00,17.7,55.9,406.0,0.0,13.87
27/01/2024 22:00,16.2,64.2,431.0,0.0,9.16
27/01/2024 23:00,17.1,58.4,380.0,0.0,8.48
28/01/2024 00:00,17.1,54.6,408.0,0.0,8.95
28/01/2024 01:00,17.4,52.1,427.0,0.0,14.53
28/01/2024 02:00,16.4,50.2,402.0,33.0,10.9
28/01/2024 03:00,16.3,55.6,432.0,20.0,17.12
28/01/2024 04:00,17.3,52.7,384.0,0.0,10.87
28/01/2024 05:00,17.1,50.7,442.0,45.0,12.37
28/01/2024 06:00,17.1,0.531,469.0,20.0,15.08
28/01/2024 07:00,17.2,0.518,389.0,0.0,16.01
28/01/2024 08:00,16.7,0.601,387.0,0.0,16.12
28/01/2024 09:00,17.1,0.576,444.0,46.0,14.42
28/01/2024 10:00,17.1,0.55,447.0,0.0,14.05
28/01/2024 11:00,16.6,0.594,384.0,0.0,13.19
28/01/2024 12:00,17.9,0.552,387.0,20.0,13.56
28/01/2024 13:00,17.2,0.524,392.0,49.0,10.9
28/01/2024 14:00,16.4,0.596,380.0,28.0,10.36
28/01/2024 15:00,17.3,0.566,380.0,11.0,11.99
28/01/2024 16:00,16.5,0.519,380.0,12.0,11.66
28/01/2024 17:00,17.4,0.544,380.0,17.0,11.09
28/01/2024 18:00,17.6,0.524,399.0,15.0,13.39
28/01/2024 19:00,16.6,0.509,407.0,6.0,13.91
28/01/2024 20:00,17.5,0.578,447.0,2.0,12.18
28/01/2024 21:00,17.2,0.607,380.0,0.0,14.96
28/01/2024 22:00,17.4,0.508,430.0,0.0,9.72
28/01/2024 23:00,17.9,0.567,394.0,0.0,11.61
29/01/2024 00:00,16.9,0.53,399.0,0.0,10.57
29/01/2024 01:00,16.6,0.535,420.0,0.0,8.27
29/01/2024 02:00,16.6,0.532,380.0,0.0,11.83
29/01/2024 03:00,16.6,0.524,411.0,0.0,11.76
29/01/2024 04:00,17.0,0.551,405.0,4.0,15.03
29/01/2024 05:00,17.2,0.525,415.0,28.0,13.26
29/01/2024 06:00,17.1,0.558,409.0,18.0,9.95
29/01/2024 07:00,17.4,0.548,474.0,0.0,15.71
29/01/2024 08:00,21.0,0.443,781.0,330.0,37.44
29/01/2024 09:00,21.7,0.423,784.0,369.0,36.16
29/01/2024 10:00,20.9,0.433,781.0,330.0,34.55
29/01/2024 11:00,22.4,0.473,783.0,346.0,33.08
29/01/2024 12:00,21.3,46.5,-50.0,361.0,34.26
29/01/2024 13:00,20.6,42.1,836.0,331.0,37.18
29/01/2024 14:00,20.5,45.3,843.0,352.0,38.77
29/01/2024 15:00,21.2,47.3,783.0,323.0,38.09
29/01/2024 16:00,20.9,40.0,775.0,338.0,34.02
29/01/2024 17:00,,46.6,814.0,356.0,32.76
29/01/2024 18:00,21.2,43.0,783.0,318.0,35.28
29/01/2024 19:00,17.0,56.7,419.0,9.0,8.46
29/01/2024 20:00,16.6,52.7,406.0,0.0,12.65
29/01/2024 21:00,16.2,49.6,380.0,11.0,11.7
29/01/2024 22:00,16.8,50.1,446.0,4.0,11.07
29/01/2024 23:00,17.4,55.1,454.0,27.0,8.81
30/01/2024 00:00,17.1,55.8,382.0,3.0,13.03
30/01/2024 01:00,16.4,52.3,388.0,0.0,10.93
30/01/2024 02:00,17.1,56.9,409.0,2.0,9.66
30/01/2024 03:00,17.2,50.0,410.0,11.0,6.26
30/01/2024 04:00,16.6,54.8,420.0,1.0,11.94
30/01/2024 05:00,17.1,51.4,460.0,1.0,15.54
30/01/2024 06:00,17.0,53.0,395.0,0.0,15.32
30/01/2024 07:00,16.4,55.1,380.0,0.0,11.09
2024-01-30 08:00:00,21.2,42.4,759.0,322.0,33.8
2024-01-30 09:00:00,21.3,43.8,778.0,385.0,35.94
2024-01-30 10:00:00,21.5,48.0,799.0,325.0,33.0
2024-01-30 11:00:00,21.5,43.3,854.0,336.0,35.6
2024-01-30 12:00:00,20.3,47.5,784.0,336.0,36.53
2024-01-30 13:00:00,20.5,41.6,807.0,368.0,37.45
2024-01-30 14:00:00,21.3,46.6,800.0,344.0,34.8
2024-01-30 15:00:00,21.3,49.3,836.0,375.0,34.59
2024-01-30 16:00:00,21.3,37.6,876.0,337.0,33.24
2024-01-30 17:00:00,22.9,42.6,784.0,356.0,33.35
2024-01-30 18:00:00,21.3,46.7,785.0,333.0,34.55
2024-01-30 19:00:00,17.6,54.4,431.0,43.0,12.73
2024-01-30 20:00:00,17.5,56.1,420.0,0.0,13.83
2024-01-30 21:00:00,17.3,53.2,455.0,6.0,10.39
2024-01-30 22:00:00,16.8,55.3,418.0,13.0,14.99
2024-01-30 23:00:00,17.4,54.5,389.0,8.0,11.46
2024-01-31 00:00:00,16.6,58.5,418.0,0.0,11.96
2024-01-31 01:00:00,16.9,55.8,433.0,0.0,10.51
2024-01-31 02:00:00,16.8,56.0,425.0,1.0,7.15
2024-01-31 03:00:00,17.0,53.8,415.0,0.0,13.77
2024-01-31 04:00:00,18.2,53.5,432.0,19.0,999.99
2024-01-31 05:00:00,16.1,53.7,435.0,44.0,11.44
2024-01-31 06:00:00,17.3,56.2,441.0,0.0,12.13
2024-01-31 07:00:00,16.2,53.7,419.0,0.0,13.03
2024-01-31 08:00:00,20.8,45.9,795.0,348.0,31.87
2024-01-31 09:00:00,21.5,51.2,804.0,402.0,33.94
2024-01-31 10:00:00,21.0,47.6,836.0,334.0,36.59
2024-01-31 11:00:00,20.5,44.0,775.0,383.0,32.49
2024-01-31 12:00:00,20.6,48.6,811.0,384.0,35.59
2024-01-31 13:00:00,21.3,43.8,788.0,339.0,32.29
2024-01-31 14:00:00,20.6,38.9,801.0,361.0,35.93
2024-01-31 15:00:00,,42.0,838.0,383.0,34.93
2024-01-31 16:00:00,21.0,39.4,806.0,342.0,31.77
2024-01-31 17:00:00,20.7,43.9,801.0,346.0,37.33
2024-01-31 18:00:00,22.1,45.1,759.0,338.0,33.53
2024-01-31 19:00:00,17.3,60.0,422.0,0.0,10.38
2024-01-31 20:00:00,16.0,56.0,419.0,0.0,12.4
2024-01-31 21:00:00,,54.3,465.0,0.0,14.3
2024-01-31 22:00:00,16.7,57.5,391.0,1.0,9.97
2024-01-31 23:00:00,17.4,48.4,407.0,0.0,12.12
2024-02-01 00:00:00,16.6,55.7,407.0,5.0,12.86
2024-02-01 01:00:00,16.9,57.3,447.0,0.0,13.39
2024-02-01 02:00:00,17.3,50.6,397.0,7.0,12.35
2024-02-01 03:00:00,17.4,58.4,408.0,17.0,11.27
2024-02-01 04:00:00,16.4,56.0,418.0,0.0,10.34
2024-02-01 05:00:00,16.8,53.8,406.0,7.0,12.17
2024-02-01 06:00:00,16.8,56.9,387.0,25.0,9.86
2024-02-01 07:00:00,16.7,61.8,406.0,0.0,6.16
2024-02-01 08:00:00,21.9,45.5,832.0,383.0,35.87
2024-02-01 09:00:00,21.2,45.7,769.0,358.0,36.81
2024-02-01 10:00:00,20.4,43.6,804.0,336.0,30.27
2024-02-01 11:00:00,21.5,42.5,779.0,349.0,32.98
2024-02-01 12:00:00,22.1,47.5,836.0,361.0,36.24
2024-02-01 13:00:00,21.5,42.4,754.0,352.0,39.11
2024-02-01 14:00:00,20.2,45.2,783.0,361.0,35.04
2024-02-01 15:00:00,20.8,43.6,811.0,332.0,33.54
2024-02-01 16:00:00,21.6,46.4,847.0,353.0,34.63
2024-02-01 17:00:00,20.6,46.0,798.0,322.0,37.75
2024-02-01 18:00:00,21.2,48.1,783.0,348.0,33.71
2024-02-01 19:00:00,17.4,53.5,456.0,0.0,10.4
2024-02-01 20:00:00,16.5,54.2,380.0,0.0,11.03
2024-02-01 21:00:00,17.0,52.1,380.0,25.0,10.09
2024-02-01 22:00:00,15.4,53.7,413.0,22.0,12.25
2024-02-01 23:00:00,,56.1,385.0,12.0,15.25
2024-02-02 00:00:00,16.9,57.3,380.0,0.0,12.65
2024-02-02 01:00:00,16.4,52.2,421.0,0.0,11.5
2024-02-02 02:00:00,17.8,57.6,407.0,24.0,11.42
2024-02-02 03:00:00,16.3,59.1,383.0,3.0,8.87
2024-02-02 04:00:00,16.8,56.2,380.0,46.0,13.77
2024-02-02 05:00:00,17.1,60.6,426.0,8.0,11.84
2024-02-02 06:00:00,17.7,52.7,420.0,4.0,11.64
2024-02-02 07:00:00,16.3,51.3,397.0,0.0,18.39
2024-02-02 08:00:00,21.6,39.7,855.0,353.0,35.6
2024-02-02 09:00:00,21.0,49.5,768.0,347.0,33.5
2024-02-02 10:00:00,20.5,47.0,754.0,364.0,34.15
2024-02-02 11:00:00,21.2,44.8,779.0,369.0,37.3
2024-02-02 12:00:00,21.1,45.8,799.0,334.0,35.23
2024-02-02 13:00:00,20.7,41.6,807.0,323.0,32.12
2024-02-02 14:00:00,,52.3,793.0,313.0,36.84
2024-02-02 15:00:00,20.8,45.4,811.0,360.0,33.66
2024-02-02 16:00:00,21.1,45.3,762.0,328.0,38.75
2024-02-02 17:00:00,21.3,47.2,843.0,307.0,37.16
2024-02-02 18:00:00,,46.4,798.0,358.0,34.11
2024-02-02 19:00:00,16.4,55.7,434.0,50.0,14.56
2024-02-02 20:00:00,18.1,52.6,410.0,0.0,12.14
2024-02-02 21:00:00,16.0,56.4,414.0,17.0,13.71
2024-02-02 22:00:00,16.9,60.6,417.0,2.0,12.97
2024-02-02 23:00:00,17.3,59.0,413.0,0.0,10.31
2024-02-03 00:00:00,17.1,59.8,419.0,18.0,10.71
2024-02-03 01:00:00,16.7,53.5,440.0,0.0,14.06
2024-02-03 02:00:00,,52.0,406.0,5.0,N/A
2024-02-03 03:00:00,16.8,54.6,421.0,6.0,11.19
2024-02-03 04:00:00,16.7,55.2,397.0,0.0,10.09
2024-02-03 05:00:00,17.4,58.3,443.0,20.0,12.85
2024-02-03 06:00:00,17.2,49.9,380.0,0.0,16.13
2024-02-03 07:00:00,16.7,59.6,454.0,0.0,9.86
2024-02-03 08:00:00,17.4,54.5,399.0,11.0,12.05
2024-02-03 09:00:00,17.2,53.7,380.0,0.0,14.82
2024-02-03 10:00:00,17.4,52.0,404.0,1.0,11.84
2024-02-03 11:00:00,17.3,50.0,380.0,0.0,12.9
2024-02-03 12:00:00,16.6,57.5,425.0,22.0,9.88
2024-02-03 13:00:00,16.7,55.2,380.0,9.0,12.86
2024-02-03 14:00:00,17.4,51.1,387.0,0.0,11.63
2024-02-03 15:00:00,17.3,51.1,380.0,16.0,13.97
2024-02-03 16:00:00,17.0,54.0,386.0,28.0,14.37
2024-02-03 17:00:00,17.1,60.0,380.0,11.0,17.18
2024-02-03 18:00:00,17.6,54.2,380.0,0.0,13.16
2024-02-03 19:00:00,16.7,50.5,423.0,0.0,12.65
2024-02-03 20:00:00,17.3,54.3,424.0,0.0,12.39
2024-02-03 21:00:00,16.9,54.2,413.0,0.0,11.29
2024-02-03 22:00:00,16.9,46.9,380.0,0.0,12.68
2024-02-03 23:00:00,17.5,54.8,399.0,0.0,11.41
2024-02-04 00:00:00,17.4,54.3,400.0,1.0,12.34
2024-02-04 01:00:00,17.4,57.1,380.0,11.0,14.64
2024-02-04 02:00:00,17.7,60.5,445.0,0.0,9.99
2024-02-04 03:00:00,17.0,58.4,426.0,10.0,14.28
2024-02-04 04:00:00,17.3,54.2,393.0,1.0,14.63
2024-02-04 05:00:00,16.8,51.7,401.0,0.0,11.76
2024-02-04 06:00:00,17.2,62.7,406.0,0.0,7.76
2024-02-04 07:00:00,16.9,55.2,380.0,0.0,10.78
2024-02-04 08:00:00,17.0,55.0,393.0,0.0,14.59
2024-02-04 09:00:00,17.3,54.9,380.0,12.0,11.95
2024-02-04 10:00:00,16.6,55.6,380.0,31.0,10.0
2024-02-04 11:00:00,18.0,54.6,392.0,24.0,10.99
2024-02-04 12:00:00,16.5,53.3,454.0,0.0,13.68
2024-02-04 13:00:00,16.4,53.4,419.0,30.0,13.09
2024-02-04 14:00:00,17.6,54.9,383.0,3.0,11.52
2024-02-04 15:00:00,17.4,53.4,417.0,0.0,11.27
2024-02-04 16:00:00,17.3,52.9,442.0,0.0,11.22
2024-02-04 17:00:00,17.3,55.3,428.0,0.0,10.16
2024-02-04 18:00:00,17.0,54.2,402.0,0.0,15.23
2024-02-04 19:00:00,16.6,59.5,381.0,3.0,11.36
2024-02-04 20:00:00,17.0,47.0,421.0,3.0,14.43
2024-02-04 21:00:00,16.7,58.3,412.0,0.0,15.04
2024-02-04 22:00:00,17.5,58.7,427.0,9.0,14.0
2024-02-04 23:00:00,16.9,48.8,419.0,24.0,11.14
24/01/2024 02:00,17.5,56.0,380.0,11.0,12.469999999999999
27/01/2024 00:00,17.2,54.7,408.0,0.0,10.04
2024-02-01 10:00:00,20.5,43.6,804.0,336.0,30.77
