deviceId,propertyId,accountId,day,points.electrical_power_sensor.range,points.electrical_power_sensor.ave,points.electrical_power_sensor.count,points.electrical_power_sensor.max,points.electrical_power_sensor.min,points.electrical_power_sensor.sd,points.energy_usage_sensor.sd,points.energy_usage_sensor.range,points.energy_usage_sensor.ave,points.energy_usage_sensor.max,points.energy_usage_sensor.count,points.energy_usage_sensor.min
169254124188_159,100879,70019193,31/12/2022,6463,412.4355446,529,6515,52,561.243583,3543.114655,9921,10360569.84,10366800,118,10356879
169254124188_159,100879,70019193,30/12/2022,5432,600.2360931,493,5485,53,793.0500693,5261.832813,14439,10348601.47,10356862,113,10342423
169254124188_159,100879,70019193,29/12/2022,5976,384.2385338,349,6026,50,688.1078094,2824.570145,9161,10335842.81,10342200,115,10333039
169254124188_159,100879,70019193,28/12/2022,3440,267.2683054,368,3492,52,330.4638867,2045.283575,6318,10329092.55,10333000,116,10326682
169254124188_159,100879,70019193,27/12/2022,5804,320.6734057,407,5854,50,525.0687131,2241.358077,7666,10321130.36,10326235,119,10318569
169254124188_159,100879,70019193,26/12/2022,3317,199.5982599,435,3369,52,413.6826128,1671.019547,4742,10316036.28,10318527,111,10313785
169254124188_159,100879,70019193,25/12/2022,6538,570.3895209,640,6591,53,928.7404366,4986.434628,13554,10305086.91,10313771,116,10300217
169254124188_159,100879,70019193,24/12/2022,6407,517.8670803,569,6458,51,663.8088137,4072.108217,12281,10292568.75,10300200,122,10287919
169254124188_159,100879,70019193,23/12/2022,6024,488.4597472,699,6076,52,684.366849,4004.735637,11663,10280517.6,10287900,117,10276237
169254124188_159,100879,70019193,22/12/2022,5799,363.186212,377,5850,51,587.1878681,2545.134842,8623,10270463.81,10276200,122,10267577
169254124188_159,100879,70019193,21/12/2022,5917,346.6447833,485,5969,52,621.0984127,2774.420515,8304,10262226.61,10267543,117,10259239
169254124188_159,100879,70019193,20/12/2022,5942,392.3943875,396,5992,50,673.9447165,2842.057128,9134,10253212.59,10259200,114,10250066
169254124188_159,100879,70019193,19/12/2022,3806,419.6640291,497,3859,53,519.9940008,3432.127476,9805,10244876.77,10250048,122,10240243
169254124188_159,100879,70019193,18/12/2022,6376,571.8753351,580,6427,51,767.3706554,4211.433026,13567,10230667.18,10239867,114,10226300
169254124188_159,100879,70019193,17/12/2022,4043,447.8153388,562,4093,50,577.3226508,3476.829473,10711,10220270.16,10226275,118,10215564
169254124188_159,100879,70019193,16/12/2022,6089,329.9334944,646,6139,50,546.8889531,2611.433948,7831,10210627.4,10215547,117,10207716
169254124188_159,100879,70019193,15/12/2022,6265,380.7768307,811,6317,52,608.9688618,2928.776825,9121,10202575.57,10207700,115,10198579
169254124188_159,100879,70019193,14/12/2022,5681,293.1477394,579,5730,49,428.8197032,2247.718325,7024,10193720.2,10198104,113,10191080
169254124188_159,100879,70019193,13/12/2022,6113,383.8627281,658,6165,52,587.4308073,3021.434941,9208,10185152.73,10191042,113,10181834
169254124188_159,100879,70019193,12/12/2022,3689,457.2816965,638,3740,51,512.2664167,3428.524445,10809,10174742.61,10181677,115,10170868
169254124188_159,100879,70019193,11/12/2022,6240,511.269755,838,6292,52,631.2883094,3545.034324,12276,10163940.51,10170854,113,10158578
169254124188_159,100879,70019193,10/12/2022,4256,393.501934,811,4307,51,643.352854,2852.48565,9333,10152280.1,10158430,110,10149097
169254124188_159,100879,70019193,09/12/2022,6138,636.4076754,799,6190,52,732.0542212,5116.539105,14882,10139736.12,10149068,117,10134186
169254124188_159,100879,70019193,08/12/2022,6122,421.7037195,657,6174,52,623.861252,3190.939563,10008,10127133.71,10133743,112,10123735
169254124188_159,100879,70019193,07/12/2022,3222,184.4252313,490,3273,51,186.4418391,1391.516217,4363,10121261.79,10123700,117,10119337
169254124188_159,100879,70019193,06/12/2022,5471,300.7695762,526,5521,50,538.682651,2315.067503,7061,10114806.04,10119324,114,10112263
169254124188_159,100879,70019193,05/12/2022,3402,317.1015259,506,3452,50,429.9209046,2268.125413,7578,10107320.47,10112242,116,10104664
169254124188_159,100879,70019193,04/12/2022,6571,527.6532523,884,6623,52,689.170071,4292.765923,12756,10096772.53,10104650,114,10091894
169254124188_159,100879,70019193,03/12/2022,5229,540.3151814,732,5281,52,678.5448938,4415.677309,12958,10083915,10091858,120,10078900
169254124188_159,100879,70019193,02/12/2022,6288,308.4678544,444,6340,52,459.6615184,2484.778835,7347,10074380.81,10078888,116,10071541
169254124188_159,100879,70019193,01/12/2022,3534,243.6988222,464,3584,50,266.9639186,1817.209468,5767,10068113.76,10071527,114,10065760
169254124188_159,100879,70019193,30/11/2022,5978,360.6758776,414,6029,51,552.9996602,2512.762899,8548,10059943.64,10065730,114,10057182
169254124188_159,100879,70019193,29/11/2022,5846,346.0554801,541,5898,52,596.562154,2565.035653,8263,10051694.51,10057149,115,10048886
169254124188_159,100879,70019193,28/11/2022,3501,391.5125208,691,3553,52,497.2046124,2758.713299,9352,10042854.68,10048800,118,10039448
169254124188_159,100879,70019193,27/11/2022,7023,478.389644,967,7075,52,757.0340382,3782.50276,11433,10032574.66,10039414,115,10027981
169254124188_159,100879,70019193,26/11/2022,5469,308.6101136,508,5521,52,472.6393371,2269.473015,7349,10023279.21,10027949,116,10020600
169254124188_159,100879,70019193,25/11/2022,6564,429.8237239,553,6616,52,641.0254793,3549.833913,10145,10014406.55,10020581,114,10010436
169254124188_159,100879,70019193,24/11/2022,4963,320.2623976,368,5014,51,518.4794124,2315.58086,7598,10005259.5,10010236,119,10002638
169254124188_159,100879,70019193,23/11/2022,5804,284.1061074,401,5856,52,469.469746,2012.545292,6699,9998717.197,10002600,117,9995901
169254124188_159,100879,70019193,22/11/2022,6225,398.9572974,497,6277,52,642.4491344,2879.64517,9000,9989956,9995800,124,9986800
169254124188_159,100879,70019193,21/11/2022,3795,372.326646,521,3848,53,413.5103816,3096.682988,9050,9981464.759,9986764,116,9977714
169254124188_159,100879,70019193,20/11/2022,9336,599.8550516,797,9387,51,757.71082,4763.62903,14264,9968895.667,9977700,117,9963436
169254124188_159,100879,70019193,19/11/2022,3922,387.4790374,668,3975,53,523.0562293,3359.82469,9257,9957847.43,9963257,114,9954000
169254124188_159,100879,70019193,18/11/2022,5922,354.0468922,420,5974,52,562.6284051,2575.879215,8387,9948514.35,9953979,117,9945592
169254124188_159,100879,70019193,17/11/2022,3312,211.9017808,443,3363,51,267.5069658,1656.267387,5077,9942768.896,9945561,115,9940484
169254124188_159,100879,70019193,16/11/2022,6377,284.4669369,560,6429,52,506.1830196,2028.459545,6710,9936126.482,9940464,114,9933754
169254124188_159,100879,70019193,15/11/2022,4763,345.1970763,518,4814,51,536.3981577,2255.447841,7769,9928518.397,9933734,116,9925965
169254124188_159,100879,70019193,14/11/2022,5891,360.4532404,335,5943,52,486.7160916,3069.456338,8678,9921013.641,9925938,117,9917260
169254124188_159,100879,70019193,13/11/2022,6749,566.5227321,777,6802,53,781.6758567,4354.965863,13561,9908286.723,9917239,112,9903678
169254124188_159,100879,70019193,12/11/2022,5998,518.4414796,574,6049,51,655.1447894,4190.566257,12298,9896181.53,9903598,115,9891300
169254124188_159,100879,70019193,11/11/2022,3403,250.7108874,501,3454,51,229.2933666,1863.374527,5949,9887811.648,9891282,125,9885333
169254124188_159,100879,70019193,10/11/2022,5651,325.7753339,434,5703,52,524.0987714,2281.247605,7500,9881052.835,9885300,121,9877800
169254124188_159,100879,70019193,09/11/2022,5906,491.8257935,769,5956,50,670.4445689,3910.376443,11800,9870480.754,9877700,122,9865900
169254124188_159,100879,70019193,08/11/2022,3106,163.9308669,346,3157,51,238.1267748,1125.88135,3906,9863408.44,9865872,109,9861966
169254124188_159,100879,70019193,07/11/2022,1063,101.5384128,309,1119,56,52.19158687,691.0247467,2391,9860749.056,9861938,108,9859547
169254124188_159,100879,70019193,06/11/2022,3555,267.9657895,439,3609,54,401.1987553,2207.370496,6098,9856392.664,9859514,113,9853416
169254124188_159,100879,70019193,05/11/2022,4288,348.671029,563,4340,52,475.5546781,2744.821147,8400,9848151.417,9853100,120,9844700
169254124188_159,100879,70019193,04/11/2022,3419,280.0611918,401,3472,53,335.696942,1817.826645,6577,9841354.187,9844677,123,9838100
169254124188_159,100879,70019193,03/11/2022,7245,373.0386063,458,7296,51,607.8436972,2496.73817,8900,9831898.638,9838000,116,9829100
169254124188_159,100879,70019193,02/11/2022,5804,291.2980203,540,5855,51,436.7839055,2186.534121,6941,9824880.008,9829080,121,9822139
169254124188_159,100879,70019193,01/11/2022,5790,387.305539,606,5842,52,653.4423172,2729.692754,9200,9815855.424,9822100,118,9812900
169254124188_159,100879,70019193,31/10/2022,3597,270.9796607,427,3644,47,299.5824255,2046.414795,6370,9808953.277,9812870,119,9806500
169254124188_159,100879,70019193,30/10/2022,5205,428.762451,547,5256,51,563.4000182,3603.662148,10638,9799647.433,9806489,120,9795851
169254124188_159,100879,70019193,29/10/2022,6991,521.247918,744,7043,52,785.955289,4090.748647,12288,9787864.761,9795828,109,9783540
169254124188_159,100879,70019193,28/10/2022,5937,340.3109913,570,5989,52,605.6677269,2482.699115,8223,9777856.042,9783500,119,9775277
169254124188_159,100879,70019193,27/10/2022,5913,317.7769172,496,5966,53,522.1729474,2248.433982,7568,9770684.12,9775250,117,9767682
169254124188_159,100879,70019193,26/10/2022,6048,353.5672816,560,6100,52,614.017361,2496.407414,8294,9761858.088,9767579,113,9759285
169254124188_159,100879,70019193,25/10/2022,3206,204.0570191,486,3258,52,223.1726166,1454.879565,4864,9756322.322,9759264,115,9754400
169254124188_159,100879,70019193,24/10/2022,4224,328.8407302,483,4275,51,400.6590781,2600.148001,7975,9749537.268,9754375,123,9746400
169254124188_159,100879,70019193,23/10/2022,6303,519.0059641,699,6355,52,724.281793,3699.054024,12482,9737584.535,9746163,114,9733681
169254124188_159,100879,70019193,22/10/2022,5881,436.271665,493,5932,51,706.1844546,3569.419199,9918,9727567.717,9733600,120,9723682
169254124188_159,100879,70019193,21/10/2022,3322,297.2711637,462,3371,49,426.1463606,2155.652132,7064,9718590.179,9723200,117,9716136
169254124188_159,100879,70019193,20/10/2022,6229,338.0166558,317,6282,53,524.2370924,2641.331237,8006,9711056.361,9716100,119,9708094
169254124188_159,100879,70019193,19/10/2022,3429,328.3989005,332,3480,51,515.7799051,2148.518238,7800,9702834.975,9708028,121,9700228
169254124188_159,100879,70019193,18/10/2022,6279,474.239958,766,6331,52,685.3097248,3722.00061,10826,9693581.932,9700200,118,9689374
169254124188_159,100879,70019193,17/10/2022,3834,453.5119596,628,3883,49,481.6841955,3646.209868,10761,9683146.496,9688931,119,9678170
169254124188_159,100879,70019193,16/10/2022,6617,282.3409562,543,6667,50,535.3136081,2365.8984,6704,9674005.711,9678149,114,9671445
169254124188_159,100879,70019193,15/10/2022,3668,255.5993012,440,3721,53,371.332035,2166.739103,6060,9668035.486,9671400,111,9665340
169254124188_159,100879,70019193,14/10/2022,3414,317.3720169,392,3466,52,485.8282559,2109.301017,7544,9660241,9665309,118,9657765
169254124188_159,100879,70019193,13/10/2022,5554,306.6087204,404,5607,53,504.0077535,2255.817211,6841,9653556.537,9657741,123,9650900
169254124188_159,100879,70019193,12/10/2022,5143,317.725593,434,5194,51,510.2095282,2321.940921,7518,9645740.534,9650641,118,9643123
169254124188_159,100879,70019193,11/10/2022,5939,335.8247807,370,5991,52,582.3920255,2721.564093,7962,9638175.22,9643100,123,9635138
169254124188_159,100879,70019193,10/10/2022,3439,405.8870628,604,3490,51,508.4945369,3156.758708,9678,9629121.171,9635122,123,9625444
169254124188_159,100879,70019193,09/10/2022,6980,576.2473303,772,7031,51,834.2631199,4698.321047,13091,9617552.739,9625427,119,9612336
169254124188_159,100879,70019193,08/10/2022,6724,384.8329987,695,6775,51,521.589922,2925.102907,9252,9605741.965,9611852,114,9602600
169254124188_159,100879,70019193,07/10/2022,5826,319.8258201,340,5878,52,533.1005054,2550.452273,7660,9597932.705,9602581,122,9594921
169254124188_159,100879,70019193,06/10/2022,5124,315.1947538,337,5176,52,538.7523746,2295.491679,7632,9589654.188,9594700,117,9587068
169254124188_159,100879,70019193,05/10/2022,5686,275.9754353,421,5739,53,472.4327328,1968.205099,6594,9582800.613,9587054,119,9580460
169254124188_159,100879,70019193,04/10/2022,5963,388.0648332,430,6016,53,656.3112214,2838.044015,9189,9574239.198,9580425,121,9571236
169254124188_159,100879,70019193,03/10/2022,3407,404.4608241,225,3462,55,335.6211014,1327.704561,3976,9569419.685,9571200,54,9567224
169254124188_159,100879,70019193,24/09/2022,3403,359.3914871,400,3454,51,537.9265017,2699.893724,8130,9489296.781,9494600,114,9486470
169254124188_159,100879,70019193,23/09/2022,5509,376.5662694,391,5564,55,578.4184881,2800.949153,8995,9480817.739,9486441,119,9477446
169254124188_159,100879,70019193,22/09/2022,6076,300.5681406,335,6133,57,513.4091796,2372.39134,7268,9472930.294,9477426,126,9470158
169254124188_159,100879,70019193,21/09/2022,8408,326.1237899,297,8460,52,531.1539681,2147.442713,7583,9465286.333,9470142,117,9462559
169254124188_159,100879,70019193,20/09/2022,4034,347.7182377,483,4085,51,489.0566744,2319.896025,8061,9457228.605,9462400,119,9454339
169254124188_159,100879,70019193,19/09/2022,6229,465.2325453,687,6282,53,724.1126262,3573.524584,11070,9446866.956,9454070,113,9443000
169254124188_159,100879,70019193,18/09/2022,4027,288.5657313,462,4080,53,482.7816684,2256.074424,6872,9438771.661,9442989,115,9436117
169254124188_159,100879,70019193,17/09/2022,3606,323.5904487,483,3658,52,515.9527976,2725.767657,7800,9432110.721,9436100,111,9428300
169254124188_159,100879,70019193,16/09/2022,4271,315.9694561,401,4324,53,482.8465122,2314.520872,7551,9423519.669,9428278,124,9420727
169254124188_159,100879,70019193,15/09/2022,6067,295.3136187,473,6121,54,513.7609867,2233.152226,6968,9416391.133,9420700,120,9413732
169254124188_159,100879,70019193,14/09/2022,5041,346.2787915,553,5093,52,521.5328812,2513.752399,8246,9408334.142,9413700,120,9405454
169254124188_159,100879,70019193,13/09/2022,6387,299.9085318,396,6442,55,460.9325941,2412.108151,7140,9401166.626,9405438,123,9398298
169254124188_159,100879,70019193,12/09/2022,3385,202.268747,470,3438,53,257.1786853,1421.70056,4790,9395488.246,9398259,114,9393469
169254124188_159,100879,70019193,11/09/2022,3650,529.485744,675,3704,54,674.866987,4209.17513,12660,9385247.322,9393449,121,9380789
169254124188_159,100879,70019193,10/09/2022,6269,541.3161683,575,6313,44,780.6745205,4354.685393,12956,9372862.891,9380756,119,9367800
169254124188_159,100879,70019193,09/09/2022,3542,347.1507247,629,3596,54,419.5368856,2636.022329,8205,9362960.117,9367757,120,9359552
169254124188_159,100879,70019193,08/09/2022,3441,222.2746141,412,3495,54,364.3956896,1388.084527,5303,9357014.243,9359530,115,9354227
169254124188_159,100879,70019193,07/09/2022,6393,282.2897052,370,6450,57,578.5235878,2671.55095,6900,9349873.474,9354200,78,9347300
169254124188_159,100879,70019193,06/09/2022,5956,283.7008869,374,6010,54,426.7078114,2143.110729,6781,9343116.377,9347281,122,9340500
169254124188_159,100879,70019193,05/09/2022,7028,479.5929655,597,7084,56,678.8382124,3674.236639,11542,9333346.367,9340489,120,9328947
169254124188_159,100879,70019193,04/09/2022,6402,393.4616115,609,6455,53,648.6453987,3057.725313,9504,9322382.036,9328931,110,9319427
169254124188_159,100879,70019193,03/09/2022,3743,279.912499,488,3796,53,488.2678237,2059.595,6690,9315188.474,9319413,114,9312723
169254124188_159,100879,70019193,02/09/2022,3535,360.408824,690,3590,55,480.7522072,2681.102968,8557,9307665.647,9312700,116,9304143
169254124188_159,100879,70019193,01/09/2022,5359,322.558523,664,5412,53,501.9163155,2263.104284,7716,9299072.983,9304100,120,9296384
169254124188_159,100879,70019193,31/08/2022,5970,333.0729715,594,6022,52,536.0370696,2493.717711,7906,9291058.513,9296306,115,9288400
169254124188_159,100879,70019193,30/08/2022,4541,449.9690264,640,4594,53,608.3277617,3466.209929,10673,9281898.641,9288373,117,9277700
169254124188_159,100879,70019193,29/08/2022,5828,463.8991437,557,5882,54,633.352494,3686.954223,11060,9271055.863,9277660,124,9266600
169254124188_159,100879,70019193,28/08/2022,7756,383.5044442,578,7807,51,575.5998362,2783.764545,9186,9260051.897,9266047,116,9256861
169254124188_159,100879,70019193,27/08/2022,6433,407.8817783,506,6487,54,649.0377592,3438.602562,9733,9250800.748,9256831,111,9247098
169254124188_159,100879,70019193,26/08/2022,6244,500.0324067,621,6299,55,647.0977576,3894.660557,11836,9239792.352,9247000,122,9235164
169254124188_159,100879,70019193,25/08/2022,3589,322.5367173,714,3643,54,372.1479299,2393.399367,7695,9230234.297,9235111,118,9227416
169254124188_159,100879,70019193,24/08/2022,3354,245.1667659,388,3407,53,275.6323558,1709.507045,5857,9224274.025,9227400,121,9221543
169254124188_159,100879,70019193,23/08/2022,8874,326.272489,501,8929,55,569.8570649,2150.728611,7582,9216552.034,9221431,118,9213849
169254124188_159,100879,70019193,22/08/2022,5793,303.8683607,400,5848,55,533.4058196,1909.527504,6866,9209995.75,9213834,120,9206968
169254124188_159,100879,70019193,21/08/2022,3381,331.1536078,666,3437,56,473.7824129,2377.770332,7798,9202120.483,9206832,116,9199034
169254124188_159,100879,70019193,20/08/2022,3633,373.9010263,483,3688,55,521.5184146,2932.932017,8769,9193390.322,9198946,118,9190177
169254124188_159,100879,70019193,19/08/2022,5619,275.964958,370,5675,56,482.6227903,2077.509379,6582,9186101.325,9190150,120,9183568
169254124188_159,100879,70019193,18/08/2022,9816,363.6216913,544,9870,54,593.8193364,2484.465756,8687,9177745.145,9183548,124,9174861
169254124188_159,100879,70019193,17/08/2022,5668,326.284833,404,5724,56,514.5410218,2493.924148,7800,9170027.451,9174800,122,9167000
169254124188_159,100879,70019193,16/08/2022,3457,292.207595,320,3513,56,402.2572367,1995.63077,7009,9162543.22,9166985,118,9159976
169254124188_159,100879,70019193,15/08/2022,6386,339.8553737,609,6444,58,497.8439559,2490.027739,8036,9155723.587,9159900,121,9151864
169254124188_159,100879,70019193,14/08/2022,5872,385.6148124,565,5929,57,596.700532,2842.477894,9103,9146078.093,9151800,118,9142697
169254124188_159,100879,70019193,13/08/2022,3546,331.6932498,544,3604,58,500.4135665,2742.305426,7898,9138330.328,9142671,116,9134773
169254124188_159,100879,70019193,12/08/2022,6208,320.7695166,338,6264,56,503.7092681,2297.222093,7673,9129938.685,9134738,124,9127065
169254124188_159,100879,70019193,11/08/2022,5782,320.6576137,326,5839,57,481.9224217,2228.330219,7580,9123170.908,9127032,119,9119452
169254124188_159,100879,70019193,10/08/2022,4986,346.2982633,351,5041,55,553.8322326,2621.253405,8166,9114262.797,9119400,123,9111234
169254124188_159,100879,70019193,09/08/2022,3694,342.9343945,495,3751,57,454.0794913,2485.131491,8100,9106903.636,9111200,121,9103100
169254124188_159,100879,70019193,08/08/2022,3870,525.4731312,748,3925,55,585.3793867,3969.627221,12600,9095592.381,9103000,118,9090400
169254124188_159,100879,70019193,07/08/2022,6634,426.53122,577,6688,54,646.8866725,3055.55127,9904,9084513.475,9090366,122,9080462
169254124188_159,100879,70019193,06/08/2022,5515,385.7202057,492,5569,54,525.7170675,3237.909825,9164,9074706.75,9080142,116,9070978
169254124188_159,100879,70019193,05/08/2022,5563,291.4817301,561,5619,56,507.0340321,2230.961644,6817,9066720.266,9070960,124,9064143
169254124188_159,100879,70019193,04/08/2022,4991,325.1602299,615,5046,55,505.6800405,2378.752548,7754,9058772.761,9063775,117,9056021
169254124188_159,100879,70019193,03/08/2022,5840,376.6654911,507,5895,55,596.9171725,2857.490001,9005,9051063.818,9056000,121,9046995
169254124188_159,100879,70019193,02/08/2022,6115,283.3520431,415,6172,57,435.8807256,2226.041404,6734,9043071.176,9046962,119,9040228
169254124188_159,100879,70019193,01/08/2022,3581,378.9257705,517,3637,56,447.9159546,3065.646579,9100,9034942.588,9040200,119,9031100
169254124188_159,100879,70019193,31/07/2022,5807,412.5000704,626,5862,55,575.436006,3234.605068,9890,9024865.492,9031090,124,9021200
169254124188_159,100879,70019193,30/07/2022,6000,394.3723391,668,6055,55,552.7411111,3368.302073,9417,9015783.225,9021166,120,9011749
169254124188_159,100879,70019193,29/07/2022,5768,331.913854,562,5824,56,509.2215084,2341.841616,7897,9006164.785,9011377,121,9003480
169254124188_159,100879,70019193,28/07/2022,5930,314.6253228,355,5986,56,519.5068632,2360.860495,7156,8999039.154,9003452,123,8996296
169254124188_159,100879,70019193,27/07/2022,5869,358.707379,386,5925,56,595.8917465,2588.305305,8514,8990609.228,8996129,114,8987615
169254124188_159,100879,70019193,26/07/2022,3415,254.8357923,390,3471,56,289.4757089,1937.13246,6064,8984019.187,8987600,123,8981536
169254124188_159,100879,70019193,25/07/2022,7378,415.0213897,630,7433,55,657.3678156,3129.031921,9873,8975435.712,8981500,118,8971627
169254124188_159,100879,70019193,24/07/2022,3946.999756,412.4759224,517,4002.999756,56,522.7963507,3224.122829,9747,8965369.018,8971600,111,8961853
169254124188_159,100879,70019193,23/07/2022,3740,254.4216882,400,3796,56,380.1384068,1964.137567,5865,8958460.367,8961815,120,8955950
169254124188_159,100879,70019193,22/07/2022,3444,311.3296009,491,3499,55,467.1367009,2321.616741,7442,8950968.809,8955578,115,8948136
169254124188_159,100879,70019193,21/07/2022,6034,315.3904665,345,6090,56,531.6643545,2372.588318,7432,8943537.592,8948100,120,8940668
169254124188_159,100879,70019193,20/07/2022,3394,326.1652961,511,3451,57,379.5580157,2275.792834,7711,8935822.675,8940637,117,8932926
169254124188_159,100879,70019193,19/07/2022,5838,285.6931386,394,5896,58,470.7489165,2299.079327,7318,8928782.807,8932900,114,8925582
169254124188_159,100879,70019193,18/07/2022,6035,269.9765017,326,6091,56,558.1692982,1820.55381,6476,8921186.829,8925547,117,8919071
169254124188_159,100879,70019193,17/07/2022,3447,259.9464397,714,3503,56,403.1925258,2076.222826,6053,8915696.936,8919053,110,8913000
169254124188_159,100879,70019193,16/07/2022,3555,409.3622099,586,3615,60,519.7837569,3046.783176,9700,8907554.065,8912886,124,8903186
169254124188_159,100879,70019193,15/07/2022,4914,370.9775707,662,4969,55,450.1486524,2863.764681,8664,8897935,8903000,121,8894336
169254124188_159,100879,70019193,14/07/2022,6122,372.196489,478,6178,56,609.3878332,2782.091395,8519,8889171.861,8894319,122,8885800
169254124188_159,100879,70019193,13/07/2022,6129,331.7225332,528,6185,56,493.4217299,2463.432226,8048,8880367.512,8885400,121,8877352
169254124188_159,100879,70019193,12/07/2022,3558,306.1490962,418,3614,56,348.6366975,2151.616888,7222,8873270.908,8877322,120,8870100
169254124188_159,100879,70019193,11/07/2022,5835,376.6112677,565,5892,57,549.8002317,2777.211774,8970,8864451.69,8870041,113,8861071
169254124188_159,100879,70019193,10/07/2022,8081.999512,472.955901,639,8137.999512,56,591.4000237,3415.601046,11194,8854439.632,8861028,117,8849834
169254124188_159,100879,70019193,09/07/2022,6373,443.6834467,527,6429,56,661.2446478,3419.323877,10582,8842749.429,8849800,119,8839218
169254124188_159,100879,70019193,08/07/2022,9318,329.3930471,614,9374,56,499.1337402,2339.294809,7824,8834689.752,8839200,125,8831376
169254124188_159,100879,70019193,07/07/2022,5002,355.4108924,603,5057,55,543.7401694,2568.062855,8470,8825720.466,8831235,118,8822765
169254124188_159,100879,70019193,06/07/2022,8902,337.9768243,395,8957,55,573.6708836,2579.75763,7932,8818151.263,8822751,118,8814819
169254124188_159,100879,70019193,05/07/2022,4012,280.1052684,392,4067,55,478.198235,1996.620258,6647,8810483.148,8814641,115,8807994
169254124188_159,100879,70019193,04/07/2022,3462,320.4544299,520,3516,54,362.3232078,2480.714519,7699,8803509.574,8807980,122,8800281
169254124188_159,100879,70019193,03/07/2022,6131,526.8157882,648,6186,55,619.0595042,4021.885098,12517,8792119.754,8800266,122,8787749
169254124188_159,100879,70019193,02/07/2022,7187,422.7415612,588,7243,56,586.9347068,3430.772704,9989,8781328.828,8787714,116,8777725
169254124188_159,100879,70019193,01/07/2022,4839,383.1141062,557,4895,56,475.605819,2926.031758,9127,8771719.991,8777400,114,8768273
169254124188_159,100879,70019193,30/06/2022,6009,362.8148318,489,6064,55,605.2561836,2553.64407,8449,8763020.678,8768249,121,8759800
169254124188_159,100879,70019193,29/06/2022,5582,351.1476496,357,5637,55,545.6231919,2763.595048,8486,8754431.896,8759700,115,8751214
169254124188_159,100879,70019193,28/06/2022,6052,336.2795189,448,6107,55,551.3610615,2352.17588,7965,8746444.364,8751200,121,8743235
169254124188_159,100879,70019193,27/06/2022,5104,384.800113,571,5159,55,447.5676389,2758.561012,9229,8737376.443,8743200,115,8733971
169254124188_159,100879,70019193,26/06/2022,6043,312.0168696,559,6098,55,489.8714963,2427.167086,7395,8729317.13,8733945,115,8726550
169254124188_159,100879,70019193,25/06/2022,5842,412.9967373,704,5898,56,537.424262,3236.009961,9923,8720911.287,8726523,115,8716600
169254124188_159,100879,70019193,24/06/2022,8617,392.0635602,602,8673,56,610.6270643,2937.593627,9432,8710415.612,8716575,121,8707143
169254124188_159,100879,70019193,23/06/2022,5668,302.1228388,501,5725,57,421.1151898,2195.225617,7266,8703025.265,8707066,117,8699800
169254124188_159,100879,70019193,22/06/2022,5755,418.9377742,529,5811,56,600.8507238,3129.610125,9919,8693425.207,8699773,121,8689854
169254124188_159,100879,70019193,21/06/2022,5717,322.6640451,457,5773,56,490.0279083,2296.264058,7698,8685351.619,8689830,118,8682132
169254124188_159,100879,70019193,20/06/2022,3647,343.7016494,526,3707,60,364.8299523,2544.717549,8024,8677406.991,8682100,116,8674076
169254124188_159,100879,70019193,19/06/2022,9005,538.3631311,687,9063,58,671.4267505,4298.689707,12900,8665928.263,8673900,114,8661000
169254124188_159,100879,70019193,18/06/2022,4149,470.9572513,617,4205,56,575.5898806,3741.706726,11240,8653910.05,8660977,121,8649737
169254124188_159,100879,70019193,17/06/2022,6281,291.985336,348,6337,56,420.1378296,2243.802602,6918,8645629.219,8649700,114,8642782
169254124188_159,100879,70019193,16/06/2022,5891,370.5473412,405,5945,54,627.527053,2614.51273,8805,8636810.033,8642751,120,8633946
169254124188_159,100879,70019193,15/06/2022,5737,363.5829532,389,5792,55,569.4523602,2494.588142,8734,8629219.656,8633922,122,8625188
169254124188_159,100879,70019193,14/06/2022,3518,355.0934573,462,3573,55,458.0459524,2533.574098,8528,8619478.764,8625000,123,8616472
169254124188_159,100879,70019193,13/06/2022,6369,445.8303192,565,6423,54,585.597048,3430.032179,10563,8610099.5,8616450,120,8605887
169254124188_159,100879,70019193,12/06/2022,5625,331.1429074,413,5680,55,565.8195437,2470.523861,7948,8600337.239,8605733,113,8597785
169254124188_159,100879,70019193,11/06/2022,3326,254.5113585,667,3381,55,340.8419139,1958.036893,6093,8594193.714,8597767,119,8591674
169254124188_159,100879,70019193,10/06/2022,7308,330.0057571,819,7363,55,483.9496462,2235.921402,7432,8587083.55,8591660,120,8584228
169254124188_159,100879,70019193,09/06/2022,5276,370.4679923,442,5329,53,597.1672954,2758.395258,8800,8578369.56,8583800,116,8575000
169254124188_159,100879,70019193,08/06/2022,5918,356.2012574,264,5974,56,573.3105707,2665.640712,8425,8569964.336,8574977,119,8566552
169254124188_159,100879,70019193,07/06/2022,3438,458.1481221,179,3503,65,447.7633673,1760.195767,5737,8563211.212,8566400,66,8560663
169254124188_159,100879,70019193,05/06/2022,6274,508.5408112,624,6329,55,676.6908427,3674.293386,11442,8541570.541,8549518,111,8538076
169254124188_159,100879,70019193,04/06/2022,6668,393.0201817,537,6722,54,608.6198143,3203.414278,9239,8532546.035,8538039,114,8528800
169254124188_159,100879,70019193,03/06/2022,6027,365.8237573,699,6081,54,539.5950009,2586.522047,8753,8523076.926,8528600,122,8519847
169254124188_159,100879,70019193,02/06/2022,5826,396.4783864,634,5881,55,579.4171715,2783.089209,9412,8513994.712,8519800,118,8510388
169254124188_159,100879,70019193,01/06/2022,6399,359.884371,701,6452,53,533.8208364,2538.91978,8595,8504579.193,8510353,119,8501758
169254124188_159,100879,70019193,31/05/2022,3386,226.5848378,271,3440,54,224.1228737,1738.454451,5546,8498608.325,8501744,123,8496198
169254124188_159,100879,70019193,30/05/2022,3765,550.2878247,999,3821,56,585.4357227,3617.178043,13028,8489736.008,8496179,120,8483151
169254124188_159,100879,70019193,29/05/2022,4983,444.8388951,732,5038,55,602.8530594,3225.099096,10651,8476540.825,8483051,114,8472400
169254124188_159,100879,70019193,28/05/2022,3241,225.2684845,418,3295,54,292.4733198,1715.184499,5437,8469245.853,8472354,116,8466917
169254124188_159,100879,70019193,27/05/2022,4261,324.7071591,406,4317,56,481.9334237,2366.270009,7313,8462561.585,8466900,123,8459587
169254124188_159,100879,70019193,26/05/2022,6009,318.7720679,310,6068,59,523.855483,2327.748028,7622,8454323.058,8459165,121,8451543
169254124188_159,100879,70019193,25/05/2022,6158,281.7765035,320,6213,55,399.595828,2136.440847,6764,8447455.829,8451500,123,8444736
169254124188_159,100879,70019193,24/05/2022,7122,387.6208073,381,7176,54,619.6499975,2842.152183,9329,8438463.991,8444700,117,8435371
169254124188_159,100879,70019193,23/05/2022,3406,364.7701399,586,3462,56,402.0346144,2983.109326,8734,8430504.617,8435356,120,8426622
169254124188_159,100879,70019193,22/05/2022,6270,573.5196832,726,6325,55,783.1249718,4540.832606,13582,8418130.449,8426600,118,8413018
169254124188_159,100879,70019193,21/05/2022,6684,364.5915449,601,6739,55,582.6738106,3034.339008,8700,8407763.924,8413000,119,8404300
169254124188_159,100879,70019193,20/05/2022,6389,364.0032077,271,6443,54,542.4580118,2519.548387,8627,8398716.431,8404287,116,8395660
169254124188_159,100879,70019193,19/05/2022,3405,275.7035009,377,3460,55,300.4342199,2105.83626,6541,8392073.823,8395621,124,8389080
169254124188_159,100879,70019193,18/05/2022,5879,316.9831754,305,5934,55,518.4909831,2142.48798,7602,8384160.672,8389041,122,8381439
169254124188_159,100879,70019193,17/05/2022,5632,299.9431199,268,5687,55,439.9689991,2443.003923,7204,8377124.725,8381400,120,8374196
169254124188_159,100879,70019193,16/05/2022,3487,318.2589652,320,3541,54,393.8314422,2250.412747,7578,8369420.128,8374157,117,8366579
169254124188_159,100879,70019193,15/05/2022,7238,494.4622586,765,7295,57,827.0275692,4132.325643,11974,8358709.783,8366565,120,8354591
169254124188_159,100879,70019193,14/05/2022,3722,271.146663,406,3777,55,393.8259687,2141.826484,6471,8351196.575,8354571,113,8348100
169254124188_159,100879,70019193,13/05/2022,5697,317.4343352,597,5751,54,434.5885014,2347.049986,7601,8343656.75,8348086,120,8340485
169254124188_159,100879,70019193,12/05/2022,5585,345.7640349,451,5641,56,542.6556663,2644.829645,8069,8335902.133,8340469,120,8332400
169254124188_159,100879,70019193,11/05/2022,4965,340.9843677,340,5018,53,568.4477955,2592.248562,8198,8327088.556,8332341,117,8324143
169254124188_159,100879,70019193,10/05/2022,6599,282.9894813,307,6653,54,464.6553309,2087.391929,6631,8320029.033,8324129,120,8317498
169254124188_159,100879,70019193,09/05/2022,3448,379.4036367,486,3503,55,461.9310874,2755.430282,9087,8311941.387,8317462,111,8308375
169254124188_159,100879,70019193,08/05/2022,6476,507.6027952,694,6531,55,677.8504468,4090.356768,12044,8300738.708,8308343,120,8296299
169254124188_159,100879,70019193,07/05/2022,3606,425.1894142,423,3660,54,560.743678,3257.435682,10113,8289729.532,8296284,111,8286171
169254124188_159,100879,70019193,06/05/2022,6377,365.0263447,356,6432,55,535.8926226,2626.81167,8695,8280883.027,8286139,113,8277444
169254124188_159,100879,70019193,05/05/2022,4060,350.8350273,300,4113,53,491.9235123,2341.552111,8321,8271706.628,8277334,113,8269013
169254124188_159,100879,70019193,04/05/2022,3235,263.2279075,347,3289,54,336.022522,1878.942562,6315,8265492.754,8269000,114,8262685
169254124188_159,100879,70019193,03/05/2022,6006,396.7469121,484,6060,54,652.2268413,2840.027031,9431,8256536.475,8262631,118,8253200
169254124188_159,100879,70019193,02/05/2022,6021,483.8253449,552,6076,55,727.0331316,4008.086533,11221,8246369.292,8253179,113,8241958
169254124188_159,100879,70019193,01/05/2022,6278,478.1212969,470,6332,54,746.9188795,3899.784518,11470,8234221.101,8241584,119,8230114
169254124188_159,100879,70019193,30/04/2022,3677,289.7831332,550,3731,54,365.3409996,2538.57995,6963,8226229.483,8230100,118,8223137
169254124188_159,100879,70019193,29/04/2022,5752,342.0685305,635,5804,52,507.7595024,2390.89144,8117,8217753.122,8223100,123,8214983
169254124188_159,100879,70019193,28/04/2022,5890,292.3246786,335,5945,55,508.7789526,2291.296937,7009,8210602.589,8214967,112,8207958
169254124188_159,100879,70019193,27/04/2022,5755,367.7131537,541,5809,54,614.7558346,2600.995434,8760,8202144.535,8207938,114,8199178
169254124188_159,100879,70019193,26/04/2022,5839,282.5919506,354,5893,54,508.3441434,2166.801684,6673,8195004.402,8199140,117,8192467
169254124188_159,100879,70019193,25/04/2022,3392,313.3595486,350,3448,56,424.4505853,2233.052767,7427,8187838.872,8192452,117,8185025
169254124188_159,100879,70019193,24/04/2022,6226,517.7220368,514,6281,55,709.7670014,4066.106809,12349,8177908.445,8185000,119,8172651
169254124188_159,100879,70019193,23/04/2022,6705,527.0389639,599,6759,54,702.1307454,4451.102332,12615,8164890.017,8172600,119,8159985
169254124188_159,100879,70019193,22/04/2022,4188,351.4027675,394,4243,55,522.2329848,2707.019468,7719,8155470.538,8159844,117,8152125
169254124188_159,100879,70019193,21/04/2022,5569,309.7603658,323,5623,54,472.6756013,2204.351642,7448,8146759.85,8151600,120,8144152
169254124188_159,100879,70019193,20/04/2022,5871,359.8017341,331,5924,53,618.7895748,2760.222088,8174,8139011.992,8144139,120,8135965
169254124188_159,100879,70019193,19/04/2022,3385,231.6388419,323,3439,54,320.7618385,1632.369175,5523,8132164.761,8135500,117,8129977
169254124188_159,100879,70019193,18/04/2022,5839,305.8021806,324,5893,54,527.3337025,2638.996797,7318,8125796.444,8129939,117,8122621
169254124188_159,100879,70019193,17/04/2022,4029,433.4350022,585,4085,56,604.6568332,3390.02568,10060,8116645.974,8122600,115,8112540
169254124188_159,100879,70019193,16/04/2022,5524,413.9950229,622,5578,54,540.2823377,3157.923661,9968,8105581.613,8112000,119,8102032
169254124188_159,100879,70019193,15/04/2022,5918,384.0894664,368,5974,56,606.6182393,3016.297608,9125,8096620.913,8102000,115,8092875
169254124188_159,100879,70019193,14/04/2022,5052,321.0400472,286,5106,54,501.2292381,2253.978494,7668,8087649.496,8092813,115,8085145
169254124188_159,100879,70019193,13/04/2022,4218,295.5914471,400,4272,54,532.7102861,2191.211318,6971,8081230.202,8085125,114,8078154
169254124188_159,100879,70019193,12/04/2022,3251,265.1055691,386,3305,54,356.7249446,1789.089293,6332,8074016.206,8078100,126,8071768
169254124188_159,100879,70019193,11/04/2022,4395,404.7560694,418,4449,54,549.054695,3184.75528,9609,8065659.807,8071700,114,8062091
169254124188_159,100879,70019193,10/04/2022,6022,412.4001735,411,6076,54,593.4491885,3213.5372,9845,8055185.43,8061612,114,8051767
169254124188_159,100879,70019193,09/04/2022,5051,487.1507328,610,5105,54,681.0638576,3553.357059,11203,8045564.212,8051737,118,8040534
169254124188_159,100879,70019193,08/04/2022,7416,321.8731316,409,7469,53,457.6312488,2532.769185,7547,8036008.454,8040500,119,8032953
169254124188_159,100879,70019193,07/04/2022,5968,374.4909017,583,6023,55,603.4582536,2901.706182,8901,8027136.758,8032900,120,8023999
169254124188_159,100879,70019193,06/04/2022,3276,361.4140147,683,3330,54,468.692173,2573.85886,8579,8018392.333,8023961,114,8015382
169254124188_159,100879,70019193,05/04/2022,6073,334.0706689,693,6121,48,487.4088453,2597.791302,7944,8010241.702,8015300,121,8007356
169254124188_159,100879,70019193,04/04/2022,3881,383.8250494,538,3932,51,521.5379442,2673.749027,9300,8001193.223,8007317,121,7998017
169254124188_159,100879,70019193,03/04/2022,6307,395.9300662,705,6362,55,691.4474948,2898.111825,9240,7992374.404,7998000,114,7988760
169254124188_159,100879,70019193,02/04/2022,3950,427.819179,647,4006,56,560.5624638,3465.794714,10180,7982649.193,7988600,119,7978420
169254124188_159,100879,70019193,01/04/2022,3133,274.4632406,424,3186,53,316.3375358,1881.401834,6511,7974104.746,7978100,122,7971589
169254124188_159,100879,70019193,31/03/2022,5877,363.4958354,435,5931,54,600.3953101,2467.457555,8523,7966753.443,7971570,115,7963047
169254124188_159,100879,70019193,30/03/2022,5441,303.8707423,406,5495,54,473.8634635,2233.650757,7237,7958263.034,7962937,116,7955700
169254124188_159,100879,70019193,29/03/2022,5661,395.8076624,433,5715,54,589.1413373,2953.502763,9325,7950198.172,7955675,116,7946350
169254124188_159,100879,70019193,28/03/2022,5092,337.8752275,464,5147,55,413.6749747,2543.414603,7954,7941226.018,7946000,114,7938046
169254124188_159,100879,70019193,27/03/2022,6535,620.1067141,605,6587,52,769.7014959,4833.356406,14196,7930077.676,7938025,111,7923829
169254124188_159,100879,70019193,26/03/2022,5817,465.8708412,615,5868,51,677.4536164,3909.567593,11155,7916840.948,7923800,115,7912645
169254124188_159,100879,70019193,25/03/2022,4899,490.8097337,897,4951,52,587.384614,3786.430391,11729,7905891.6,7912629,115,7900900
169254124188_159,100879,70019193,24/03/2022,4666,316.2967172,411,4717,51,489.449709,2049.62181,7426,7895845.556,7900854,117,7893428
169254124188_159,100879,70019193,23/03/2022,5919,371.8734784,507,5971,52,597.0376381,3033.015132,8925,7887952.88,7893400,117,7884475
169254124188_159,100879,70019193,22/03/2022,4354,426.6920074,737,4403,49,559.313752,2925.651516,10093,7877629.35,7884441,120,7874348
169254124188_159,100879,70019193,21/03/2022,4663,387.5972508,711,4716,53,466.9103974,3142.042715,9220,7868664.104,7874220,115,7865000
169254124188_159,100879,70019193,20/03/2022,4436,553.4601559,654,4488,52,703.9798809,4030.440715,13125,7856031.094,7864900,117,7851775
169254124188_159,100879,70019193,19/03/2022,3237,228.4639786,416,3289,52,304.3779705,1543.149055,5447,7848218.646,7851615,113,7846168
169254124188_159,100879,70019193,18/03/2022,6280,278.5156944,398,6331,51,449.1564645,1917.226306,6355,7842155.259,7846081,116,7839726
169254124188_159,100879,70019193,17/03/2022,5691,313.9170162,423,5741,50,540.8807975,2073.013927,7541,7834576.391,7839712,115,7832171
169254124188_159,100879,70019193,16/03/2022,5833,360.4613922,443,5885,52,560.5416585,2711.513965,8464,7827334.983,7832157,121,7823693
169254124188_159,100879,70019193,15/03/2022,3315,203.5386965,299,3366,51,332.3023408,1360.534181,4813,7820746.667,7823662,114,7818849
169254124188_159,100879,70019193,14/03/2022,5306,358.0646279,466,5358,52,464.2493966,2961.123314,8595,7813514.628,7818835,113,7810240
169254124188_159,100879,70019193,13/03/2022,5592,570.1753017,521,5636,44,716.6039537,4531.420977,13432,7801856.814,7810200,118,7796768
169254124188_159,100879,70019193,12/03/2022,5230,454.6209101,658,5275,45,628.846485,3993.692597,10819,7790541.839,7796744,118,7785925
169254124188_159,100879,70019193,11/03/2022,6413,394.0825777,712,6455,42,548.3660746,3083.718776,9350,7779931.833,7785890,114,7776540
169254124188_159,100879,70019193,10/03/2022,6331,348.5331836,718,6378,47,507.6774122,2453.015809,8302,7771600.156,7776502,122,7768200
169254124188_159,100879,70019193,09/03/2022,5694,327.0397264,618,5745,51,509.2864073,2379.356825,7811,7763079.126,7768152,119,7760341
169254124188_159,100879,70019193,08/03/2022,4236,412.2624444,504,4289,53,545.5930964,3347.679851,9702,7755013.815,7760327,119,7750625
169254124188_159,100879,70019193,07/03/2022,3336,344.6593537,543,3387,51,416.6900025,2388.867488,8218,7745367.944,7750586,125,7742368
169254124188_159,100879,70019193,06/03/2022,5598,375.6115391,463,5653,55,598.6422797,2840.884294,8747,7737796.558,7742347,113,7733600
169254124188_159,100879,70019193,05/03/2022,6214,345.5615939,784,6267,53,569.551342,2365.341597,8425,7728305.704,7733458,115,7725033
169254124188_159,100879,70019193,04/03/2022,3348,454.437171,633,3400,52,544.952069,3555.655135,10887,7718388.42,7725000,119,7714113
169254124188_159,100879,70019193,03/03/2022,5779,306.2876402,621,5832,53,494.8474009,2270.877187,7270,7709529.709,7714100,117,7706830
169254124188_159,100879,70019193,02/03/2022,6338,553.6518344,585,6390,52,777.852006,4311.537127,13203,7697834.645,7706800,121,7693597
169254124188_159,100879,70019193,01/03/2022,5901,293.8168841,610,5954,53,481.7055187,2264.289612,7007,7689241.984,7693571,123,7686564
169254124188_159,100879,70019193,28/02/2022,6189,337.6857687,526,6242,53,524.713898,2399.124081,7971,7681182.186,7686268,118,7678297
169254124188_159,100879,70019193,27/02/2022,3340,503.8262918,738,3395,55,569.7532182,3850.402278,12015,7671094.139,7678278,115,7666263
169254124188_159,100879,70019193,26/02/2022,5641,346.5478439,680,5698,57,573.6816474,2700.25769,8260,7661269.222,7666200,117,7657940
169254124188_159,100879,70019193,25/02/2022,3404,321.4718802,478,3458,54,413.7558798,2514.197951,7650,7653271.883,7657914,120,7650264
169254124188_159,100879,70019193,24/02/2022,4103,358.1196238,602,4156,53,600.5867776,2534.711351,8573,7644403.096,7650248,115,7641675
169254124188_159,100879,70019193,23/02/2022,5672,314.1688653,565,5725,53,454.8944319,2316.507981,7461,7637548.574,7641661,122,7634200
169254124188_159,100879,70019193,22/02/2022,6203,298.2250184,598,6256,53,504.3870119,2121.945636,7041,7629745.279,7634178,122,7627137
169254124188_159,100879,70019193,21/02/2022,6350,614.9868599,437,6408,58,802.0575497,2984.165959,9022,7622101.563,7627100,80,7618078
169254124188_159,100879,70019193,17/02/2022,2999,118.5342569,102,3052,53,192.611995,283.1862828,962,7578929.205,7579489,39,7578527
169254124188_159,100879,70019193,16/02/2022,3290,293.1349824,547,3343,53,425.2527145,2067.891348,6900,7574596.95,7578500,121,7571600
169254124188_159,100879,70019193,15/02/2022,5447,331.6124593,661,5500,53,480.7798631,2469.395536,7929,7566574.634,7571567,123,7563638
169254124188_159,100879,70019193,14/02/2022,5754,350.969375,567,5806,52,569.9121969,2562.989592,7974,7559041.183,7563600,120,7555626
169254124188_159,100879,70019193,13/02/2022,5907,505.1525292,622,5959,52,682.3322273,4371.83689,12115,7548071.11,7555200,118,7543085
169254124188_159,100879,70019193,12/02/2022,5094,529.2277498,696,5146,52,631.5598427,4449.638586,12715,7535734.5,7543048,122,7530333
169254124188_159,100879,70019193,11/02/2022,3439,307.7610726,602,3491,52,330.0110112,2134.947608,7232,7525795.641,7530300,117,7523068
169254124188_159,100879,70019193,10/02/2022,3326,251.9151678,576,3380,54,324.7107525,1654.622951,5890,7519849.316,7523029,114,7517139
169254124188_159,100879,70019193,09/02/2022,5826,321.4383708,525,5879,53,480.1968818,2555.236292,7665,7512117.826,7516640,121,7508975
169254124188_159,100879,70019193,08/02/2022,3349,278.0472225,502,3403,54,377.659073,1874.362628,6605,7505378.65,7508937,120,7502332
169254124188_159,100879,70019193,07/02/2022,5749,501.2185447,573,5800,51,679.458235,3819.510369,11962,7494614.652,7502300,112,7490338
169254124188_159,100879,70019193,06/02/2022,5856,442.8920338,729,5909,53,704.5316618,3292.214911,10500,7483906.95,7490300,119,7479800
169254124188_159,100879,70019193,05/02/2022,3276,396.03716,697,3328,52,507.1977349,2807.337007,9455,7473364.311,7479700,119,7470245
169254124188_159,100879,70019193,04/02/2022,7305,334.177151,465,7359,54,530.5486308,2538.611916,7921,7465279.231,7470215,121,7462294
169254124188_159,100879,70019193,03/02/2022,6320,431.0965666,553,6372,52,636.6754652,2925.217025,10342,7455089.159,7462000,126,7451658
169254124188_159,100879,70019193,02/02/2022,4296,321.3621457,452,4349,53,491.8469514,2368.582765,7597,7447445.08,7451638,125,7444041
169254124188_159,100879,70019193,01/02/2022,5873,479.8637951,613,5925,52,658.8662469,3790.879277,11447,7436993.905,7444000,116,7432553
169254124188_159,100879,70019193,31/01/2022,3320,288.7391298,584,3373,53,375.6318417,2008.424965,6723,7428767.742,7432538,120,7425815
169254124188_159,100879,70019193,30/01/2022,6296,430.0649537,672,6349,53,679.7197216,3301.8451,10228,7419102.231,7425700,117,7415472
169254124188_159,100879,70019193,29/01/2022,5521,519.2126401,622,5575,54,702.3671546,4183.104678,12457,7408617.933,7415432,120,7402975
169254124188_159,100879,70019193,28/01/2022,5298,336.3466016,613,5348,50,467.7019248,2452.623337,7968,7397874.517,7402933,118,7394965
169254124188_159,100879,70019193,27/01/2022,5763,362.9055619,532,5817,54,562.2900538,2713.02467,8548,7389947.612,7394937,116,7386389
169254124188_159,100879,70019193,26/01/2022,5694,325.709527,516,5747,53,472.1828076,2430.254299,7756,7381301.592,7386100,120,7378344
169254124188_159,100879,70019193,25/01/2022,3409,297.3559163,604,3463,54,391.0737723,2239.065492,7116,7374056.13,7378300,123,7371184
169254124188_159,100879,70019193,24/01/2022,5746,488.93033,606,5798,52,679.8008204,3614.231526,11719,7363624.731,7371119,119,7359400
169254124188_159,100879,70019193,23/01/2022,5634,433.1384944,651,5688,54,606.6872683,3715.520283,10377,7353093.607,7359377,117,7349000
169254124188_159,100879,70019193,22/01/2022,3492,359.3274726,738,3545,53,507.3084884,2460.678688,8463,7343397.345,7348987,113,7340524
169254124188_159,100879,70019193,21/01/2022,3309,297.1184886,637,3361,52,367.7099397,1956.563079,7063,7335699.008,7340357,119,7333294
169254124188_159,100879,70019193,20/01/2022,5765,396.3391142,537,5819,54,632.8160019,3152.814781,9510,7327625.295,7333255,122,7323745
169254124188_159,100879,70019193,19/01/2022,7008,449.4503389,601,7060,52,582.3779084,3510.634766,10489,7317570.509,7323725,114,7313236
169254124188_159,100879,70019193,18/01/2022,3366,337.1378047,501,3424,58,374.0851856,2500.865402,8039,7308647.4,7313220,120,7305181
169254124188_159,100879,70019193,17/01/2022,6302,346.3204926,515,6356,54,513.0963817,2462.511046,8167,7299946.639,7305110,119,7296943
169254124188_159,100879,70019193,16/01/2022,8254,580.5780486,665,8308,54,712.75626,4678.782581,13700,7288080.7,7296900,120,7283200
169254124188_159,100879,70019193,15/01/2022,9276,482.7548641,563,9328,52,777.8079714,3860.403745,11513,7275533.185,7283170,119,7271657
169254124188_159,100879,70019193,14/01/2022,3376,295.8863634,590,3429,53,299.1564359,2222.024559,7010,7267369.008,7271599,120,7264589
169254124188_159,100879,70019193,13/01/2022,5832,417.3838803,593,5885,53,604.200352,2863.081581,9808,7259079.224,7264545,116,7254737
169254124188_159,100879,70019193,12/01/2022,3395,329.4772228,657,3446,51,384.1720975,2478.795689,7811,7249900.907,7254676,118,7246865
169254124188_159,100879,70019193,11/01/2022,5895,532.1313216,656,5950,55,692.7114616,4042.190618,12528,7239444.732,7246842,123,7234314
169254124188_159,100879,70019193,10/01/2022,4350,330.0952283,632,4405,55,381.280119,2376.793399,7807,7229301.932,7234153,118,7226346
169254124188_159,100879,70019193,09/01/2022,5100,448.1781581,593,5153,53,594.7270679,3487.059407,10670,7219232.451,7226330,113,7215660
169254124188_159,100879,70019193,08/01/2022,3682,284.4660706,568,3737,55,360.0943988,2311.589769,6762,7211562.372,7215639,121,7208877
169254124188_159,100879,70019193,07/01/2022,6090,481.4579044,587,6143,53,649.3908501,3851.207969,11524,7201905.235,7208863,119,7197339
169254124188_159,100879,70019193,06/01/2022,5732,347.4155973,557,5786,54,546.614968,2545.054602,8200,7192543.35,7197300,120,7189100
169254124188_159,100879,70019193,05/01/2022,7065,307.6492417,583,7117,52,486.017794,2162.827952,7283,7184491.275,7188983,120,7181700
169254124188_159,100879,70019193,04/01/2022,4438,293.6817471,514,4492,54,341.8678519,2064.33886,6937,7177729.94,7181682,117,7174745
169254124188_159,100879,70019193,03/01/2022,5791,462.8879847,669,5845,54,691.6388888,3679.513941,11220,7167280.419,7174711,117,7163491
169254124188_159,100879,70019193,02/01/2022,6312,630.7939289,534,6365,53,752.819608,5045.510545,15066,7153565.712,7163466,111,7148400
169254124188_159,100879,70019193,01/01/2022,5590,329.6613394,419,5644,54,494.8838179,2409.002882,7819,7143514.407,7148371,118,7140552
